participantId,participantNumber,gameId,name,totalTrials,finalScore,hit,correct_rejection,false_alarm,bad_hit,miss,mean_rt_hit_ms,median_rt_hit_ms,sd_rt_hit_ms,mean_rt_bad_hit_ms,median_rt_bad_hit_ms,sd_rt_bad_hit_ms,mean_rt_false_alarm_ms,median_rt_false_alarm_ms,sd_rt_false_alarm_ms,bad_hit_rate,correct_hit_rate,false_alarm_rate,sdt_z_hit,sdt_z_false_alarm,dprime,z_correct_hit_rate,z_bad_hit_rate,z_false_alarm_rate,emotions_observed,congruent_ratio
7000A,7000,0a0a11d8-e8c2-4b5a-9092-113c87ffd26b,TagMeQuick,33,62.0,30,0,0,3,0,386.6666666666667,372.5,89.63578923981024,364.0,369.0,28.827070610799147,,,,0.09090909090909091,1.0,,2.1411981209720183,,,0.5750802388691912,1.2489623720905803,,,
7000B,7000,1fc9087d-e6a2-4b89-a6b1-b15da1b8cbfa,TagMeQuick,11,15.0,10,0,0,1,0,477.4,436.0,123.00876210886587,344.0,344.0,,,,,0.09090909090909091,1.0,,1.6906216295848984,,,0.5750802388691912,1.2489623720905803,,,
7002J,7002,c829eaf2-ce50-43ba-a68f-e25dbd69b97c,TagMeQuick,11,15.0,10,0,0,1,0,519.0,462.0,168.5460701938131,348.0,348.0,,,,,0.09090909090909091,1.0,,1.6906216295848984,,,0.5750802388691912,1.2489623720905803,,,
7002N,7002,fefd433a-180e-46cf-97c1-e5d569c076c9,TagMeQuick,33,48.0,30,0,0,3,0,480.7,460.0,95.73388042939116,503.0,428.0,150.26310259009028,,,,0.09090909090909091,1.0,,2.1411981209720183,,,0.5750802388691912,1.2489623720905803,,,
7003D,7003,3a08aabf-8665-4ef9-aff9-60bdebcbff37,TagMeQuick,10,12.0,10,0,0,0,0,567.7,540.5,80.21921354776686,,,,,,,0.0,1.0,,1.6906216295848984,,,0.5750802388691912,-0.45190251503339046,,,
7003J,7003,c50e37f9-997d-4d4a-b400-21a393de961d,TagMeQuick,31,44.0,28,0,0,1,2,479.7142857142857,453.5,98.20720994232595,551.0,551.0,,,,,0.03225806451612903,0.9333333333333333,,1.4007450611305763,,,0.31684871954667254,0.15163018684930882,,,
7004I,7004,87cfcb19-b9b9-49f4-a569-7fc010d5b559,TagMeQuick,11,11.0,10,0,0,1,0,560.0,566.0,84.33399209228875,391.0,391.0,,,,,0.09090909090909091,1.0,,1.6906216295848984,,,0.5750802388691912,1.2489623720905803,,,
7004M,7004,d84043b2-d71b-4aac-9db5-1f600c38ec33,TagMeQuick,31,44.0,30,0,0,1,0,529.8,524.0,126.87338244255092,367.0,367.0,,,,,0.03225806451612903,1.0,,2.1411981209720183,,,0.5750802388691912,0.15163018684930882,,,
7005F,7005,75dda528-b096-4992-9094-20e0e9f780e3,TagMeQuick,11,16.0,10,0,0,1,0,467.4,461.0,92.33658237364237,326.0,326.0,,,,,0.09090909090909091,1.0,,1.6906216295848984,,,0.5750802388691912,1.2489623720905803,,,
7005I,7005,b4d33bcf-0338-4cc1-88ca-7ef0d239b129,TagMeQuick,30,54.0,29,0,0,0,1,436.37931034482756,442.0,65.85016205268239,,,,,,,0.0,0.9666666666666667,,1.6606976105540416,,,0.44596447920793186,-0.45190251503339046,,,
7006C,7006,36a7a940-569e-4a0e-b760-436315df62ea,TagMeQuick,10,18.0,10,0,0,0,0,452.0,449.5,78.92049445134289,,,,,,,0.0,1.0,,1.6906216295848984,,,0.5750802388691912,-0.45190251503339046,,,
7006H,7006,8bc2d187-ad28-4ef4-9e0f-244da178210c,TagMeQuick,31,65.0,30,0,0,1,0,381.0,387.0,61.09179074598914,355.0,355.0,,,,,0.03225806451612903,1.0,,2.1411981209720183,,,0.5750802388691912,0.15163018684930882,,,
7007L,7007,d0e35312-8d8e-4834-aff0-79af2c7dbf1e,TagMeQuick,10,12.0,10,0,0,0,0,686.1,633.5,233.35545133265404,,,,,,,0.0,1.0,,1.6906216295848984,,,0.5750802388691912,-0.45190251503339046,,,
7007M,7007,e39e2703-a9e1-4cef-99f1-6a2c4438bb60,TagMeQuick,30,46.0,30,0,0,0,0,552.3666666666667,480.5,162.4284422463465,,,,,,,0.0,1.0,,2.1411981209720183,,,0.5750802388691912,-0.45190251503339046,,,
7008F,7008,8a0dded0-be27-4f40-96ca-b689676091f3,TagMeQuick,30,64.0,30,0,0,0,0,389.8666666666667,393.0,52.389610271196105,,,,,,,0.0,1.0,,2.1411981209720183,,,0.5750802388691912,-0.45190251503339046,,,
7008L,7008,edd65858-bb8b-45b2-b792-369ab9d333f6,TagMeQuick,10,18.0,10,0,0,0,0,454.9,453.5,48.35620148669892,,,,,,,0.0,1.0,,1.6906216295848984,,,0.5750802388691912,-0.45190251503339046,,,
7009J,7009,c025cfb9-6dc9-44a8-9483-f7ab389e7ea0,TagMeQuick,30,38.0,30,0,0,0,0,573.5333333333333,575.0,108.16932235551157,,,,,,,0.0,1.0,,2.1411981209720183,,,0.5750802388691912,-0.45190251503339046,,,
7009M,7009,fb82fd94-d260-4e18-9f87-ff2f13b6da6e,TagMeQuick,10,16.0,10,0,0,0,0,501.0,496.0,122.74816133495081,,,,,,,0.0,1.0,,1.6906216295848984,,,0.5750802388691912,-0.45190251503339046,,,
7010G,7010,90999d53-4d22-4b48-8326-292dbd7c6a9c,TagMeQuick,30,58.0,30,0,0,0,0,439.1666666666667,442.5,79.84039394784526,,,,,,,0.0,1.0,,2.1411981209720183,,,0.5750802388691912,-0.45190251503339046,,,
7010M,7010,f31c9120-6fc2-4b8d-98ad-ee1369f22da7,TagMeQuick,10,18.0,10,0,0,0,0,530.8,488.0,138.85708080212868,,,,,,,0.0,1.0,,1.6906216295848984,,,0.5750802388691912,-0.45190251503339046,,,
7011B,7011,39b06216-5008-4508-aaa6-615b6ce8b25a,TagMeQuick,10,18.0,10,0,0,0,0,468.9,455.5,55.78221540558922,,,,,,,0.0,1.0,,1.6906216295848984,,,0.5750802388691912,-0.45190251503339046,,,
7011K,7011,c3124bd0-b3bd-4ad3-b8dd-54fbe1348578,TagMeQuick,30,57.0,30,0,0,0,0,441.4,457.5,61.667965192914245,,,,,,,0.0,1.0,,2.1411981209720183,,,0.5750802388691912,-0.45190251503339046,,,
7012L,7012,564ece23-e6d9-4f10-a041-442b2b3bdac3,TagMeQuick,31,52.0,30,0,0,1,0,437.4,417.0,83.46074856915759,374.0,374.0,,,,,0.03225806451612903,1.0,,2.1411981209720183,,,0.5750802388691912,0.15163018684930882,,,
7012AC,7012,bdb57ea8-b350-42a8-b45b-3f6b8c2fafbb,TagMeQuick,30,57.0,30,0,0,0,0,428.73333333333335,407.0,96.68217869990787,,,,,,,0.0,1.0,,2.1411981209720183,,,0.5750802388691912,-0.45190251503339046,,,
7012AG,7012,cd3dfbd2-fd4d-4e38-8da4-72e5347f167f,TagMeQuick,10,11.0,9,0,0,0,1,500.22222222222223,521.0,84.74192849141707,,,,,,,0.0,0.9,,1.0968035620935135,,,0.18773295988541322,-0.45190251503339046,,,
7012AH,7012,d933331b-85c1-4927-9bbe-5d75c5f14f01,TagMeQuick,10,20.0,10,0,0,0,0,447.6,438.5,92.91597159680234,,,,,,,0.0,1.0,,1.6906216295848984,,,0.5750802388691912,-0.45190251503339046,,,
7013H,7013,9e4dd713-3d67-4195-9ed5-3a630eb0fe4a,TagMeQuick,34,64.0,30,0,0,4,0,375.76666666666665,378.5,73.74218057124632,276.0,279.0,22.181073012818835,,,,0.11764705882352941,1.0,,2.1411981209720183,,,0.5750802388691912,1.7492167506564538,,,
7013L,7013,d28964e1-44ab-4c23-9585-81e5c73e9f94,TagMeQuick,11,16.0,10,0,0,1,0,485.9,464.0,89.97709585098741,471.0,471.0,,,,,0.09090909090909091,1.0,,1.6906216295848984,,,0.5750802388691912,1.2489623720905803,,,
7014F,7014,5481ea97-4a01-4d13-b15e-00bf58727f68,TagMeQuick,34,60.0,30,0,0,4,0,399.46666666666664,386.0,92.91365414424719,286.5,170.5,361.51025803795204,,,,0.11764705882352941,1.0,,2.1411981209720183,,,0.5750802388691912,1.7492167506564538,,,
7014J,7014,a42d8ef1-290f-43d1-a742-c21b778a796a,TagMeQuick,12,16.0,10,0,0,2,0,495.9,443.0,195.52405364955882,412.5,412.5,168.99852070358486,,,,0.16666666666666666,1.0,,1.6906216295848984,,,0.5750802388691912,2.666349778027222,,,
7015B,7015,03514960-9308-4004-a89b-e3dd6ed7152f,TagMeQuick,12,16.0,9,0,0,2,1,434.77777777777777,403.0,169.73492405643702,337.5,337.5,6.363961030678928,,,,0.16666666666666666,0.9,,1.0968035620935135,,,0.18773295988541322,2.666349778027222,,,
7015E,7015,0f8bf9ee-201d-4296-914a-c0fcc2e45f0a,TagMeQuick,31,62.0,30,0,0,1,0,407.6,385.0,104.108895244189,338.0,338.0,,,,,0.03225806451612903,1.0,,2.1411981209720183,,,0.5750802388691912,0.15163018684930882,,,
7015H,7015,3c4a3d83-bdc8-4956-ba03-49c1be6f4b97,TagMeQuick,33,62.0,30,0,0,3,0,389.93333333333334,373.5,82.80551927853908,343.3333333333333,356.0,40.513372277969324,,,,0.09090909090909091,1.0,,2.1411981209720183,,,0.5750802388691912,1.2489623720905803,,,
7015R,7015,ed07b441-6a1c-43d6-8006-0c2a5cc3bede,TagMeQuick,10,18.0,10,0,0,0,0,523.2,462.5,276.7308359318772,,,,,,,0.0,1.0,,1.6906216295848984,,,0.5750802388691912,-0.45190251503339046,,,
7016K,7016,7626dfd4-1ab2-4a76-a61e-bbbc95a413c7,TagMeQuick,10,20.0,10,0,0,0,0,419.8,412.5,47.683679947476094,,,,,,,0.0,1.0,,1.6906216295848984,,,0.5750802388691912,-0.45190251503339046,,,
7016Q,7016,acf2aa9d-de26-484d-8a40-51fb79b8c37e,TagMeQuick,11,14.0,9,0,0,1,1,448.6666666666667,446.0,76.56043364558485,432.0,432.0,,,,,0.09090909090909091,0.9,,1.0968035620935135,,,0.18773295988541322,1.2489623720905803,,,
7016R,7016,af6c135b-c028-4c2b-abec-715c5de02bc4,TagMeQuick,33,52.0,30,0,0,3,0,437.3,410.0,86.3441989345849,471.6666666666667,458.0,75.43429812315703,,,,0.09090909090909091,1.0,,2.1411981209720183,,,0.5750802388691912,1.2489623720905803,,,
7016U,7016,bc4d792e-d207-4275-9e3b-ecdde66aafe3,TagMeQuick,30,61.0,30,0,0,0,0,403.03333333333336,387.0,87.50388497122555,,,,,,,0.0,1.0,,2.1411981209720183,,,0.5750802388691912,-0.45190251503339046,,,
7017D,7017,3488c2e9-2c9f-41c6-a0dc-e8a5a10aa530,TagMeQuick,11,21.0,10,0,0,1,0,382.4,374.0,68.41247449600597,368.0,368.0,,,,,0.09090909090909091,1.0,,1.6906216295848984,,,0.5750802388691912,1.2489623720905803,,,
7017F,7017,4e338d56-56af-47ab-abd3-0cefda99d74e,TagMeQuick,32,70.0,30,0,0,2,0,347.23333333333335,336.0,60.11006188842168,354.5,354.5,34.64823227814083,,,,0.0625,1.0,,2.1411981209720183,,,0.5750802388691912,0.7174420948643394,,,
7017K,7017,d1d59dd8-1621-4b8c-b92d-bafa44621114,TagMeQuick,38,62.0,30,0,0,8,0,350.3,348.5,44.04946279370264,343.125,342.0,33.71916580903423,,,,0.21052631578947367,1.0,,2.1411981209720183,,,0.5750802388691912,3.4869424867273837,,,
7017O,7017,fef5b070-257a-49d1-86c7-3c2ddb7bb1e6,TagMeQuick,14,17.0,9,0,0,4,1,369.3333333333333,343.0,92.0271699010678,324.0,283.0,88.97565210026093,,,,0.2857142857142857,0.9,,1.0968035620935135,,,0.18773295988541322,4.893672844499089,,,
7018H,7018,a4f54c34-5219-47fd-83b4-d346acdaedbd,TagMeQuick,11,20.0,10,0,0,1,0,427.2,384.5,201.98888858328593,283.0,283.0,,,,,0.09090909090909091,1.0,,1.6906216295848984,,,0.5750802388691912,1.2489623720905803,,,
7018L,7018,d6357736-fb2b-4bdf-8ce7-e600f000d86c,TagMeQuick,33,72.0,30,0,0,3,0,342.6666666666667,334.0,51.62820221901801,389.0,388.0,9.539392014169456,,,,0.09090909090909091,1.0,,2.1411981209720183,,,0.5750802388691912,1.2489623720905803,,,
7019B,7019,153116cc-3a4b-42dd-91bb-b72cf5847460,TagMeQuick,10,16.0,10,0,0,0,0,473.6,410.5,131.68582139150575,,,,,,,0.0,1.0,,1.6906216295848984,,,0.5750802388691912,-0.45190251503339046,,,
7019G,7019,81fe2b22-2ba8-40b6-8a0d-3302e67ceb01,TagMeQuick,30,59.0,29,0,0,0,1,400.7241379310345,398.0,54.02109148400422,,,,,,,0.0,0.9666666666666667,,1.6606976105540416,,,0.44596447920793186,-0.45190251503339046,,,
7020B,7020,12eb0783-cdab-4751-88ac-a3544b93ab4f,TagMeQuick,33,62.0,30,0,0,3,0,380.4,367.5,58.69359361152189,364.6666666666667,347.0,35.019042438840806,,,,0.09090909090909091,1.0,,2.1411981209720183,,,0.5750802388691912,1.2489623720905803,,,
7020I,7020,9fb9ae54-db6d-42fc-b2db-b7ac9b1c9036,TagMeQuick,11,19.0,10,0,0,1,0,425.2,399.5,108.45869669551118,385.0,385.0,,,,,0.09090909090909091,1.0,,1.6906216295848984,,,0.5750802388691912,1.2489623720905803,,,
7021F,7021,8dbc8b7f-3ad4-484b-a8b1-49845991b5bb,TagMeQuick,10,11.0,10,0,0,0,0,735.3,631.5,249.81417538286777,,,,,,,0.0,1.0,,1.6906216295848984,,,0.5750802388691912,-0.45190251503339046,,,
7021I,7021,9ef2b399-d96d-41ee-87f5-cc05b7cb4419,TagMeQuick,31,35.0,30,0,0,1,0,613.6,584.5,131.11421712016772,534.0,534.0,,,,,0.03225806451612903,1.0,,2.1411981209720183,,,0.5750802388691912,0.15163018684930882,,,
7022A,7022,1796212f-a8e6-41db-a40c-66ee4589d32b,TagMeQuick,11,18.0,10,0,0,1,0,419.0,426.0,48.89217160696019,389.0,389.0,,,,,0.09090909090909091,1.0,,1.6906216295848984,,,0.5750802388691912,1.2489623720905803,,,
7022I,7022,af58601f-0170-4e80-9862-74201c1c3bea,TagMeQuick,32,58.0,30,0,0,2,0,404.3666666666667,392.0,57.43030759002652,470.0,470.0,96.16652224137046,,,,0.0625,1.0,,2.1411981209720183,,,0.5750802388691912,0.7174420948643394,,,
7023G,7023,71dff2c2-cd1a-4854-a777-6debed5e99ab,TagMeQuick,30,56.0,30,0,0,0,0,432.03333333333336,424.0,70.28340822174441,,,,,,,0.0,1.0,,2.1411981209720183,,,0.5750802388691912,-0.45190251503339046,,,
7023H,7023,86e878de-ef1d-4b23-aaaf-392ff131182c,TagMeQuick,10,10.0,9,0,0,0,1,593.8888888888889,594.0,133.43392039174714,,,,,,,0.0,0.9,,1.0968035620935135,,,0.18773295988541322,-0.45190251503339046,,,
7024F,7024,723f592b-0848-4d7f-b860-bcf44f56f0dd,TagMeQuick,10,13.0,9,0,0,0,1,572.8888888888889,477.0,224.63105553576312,,,,,,,0.0,0.9,,1.0968035620935135,,,0.18773295988541322,-0.45190251503339046,,,
7024G,7024,746b2d4d-0580-4348-b484-23e584ba2030,TagMeQuick,30,59.0,30,0,0,0,0,404.93333333333334,391.0,63.7386546136175,,,,,,,0.0,1.0,,2.1411981209720183,,,0.5750802388691912,-0.45190251503339046,,,
7025D,7025,546f59a2-3575-4b94-9579-276ecb46fbac,TagMeQuick,33,50.0,29,0,0,3,1,439.2758620689655,402.0,104.91761957150821,451.0,351.0,234.571950582332,,,,0.09090909090909091,0.9666666666666667,,1.6606976105540416,,,0.44596447920793186,1.2489623720905803,,,
7025K,7025,d59056a8-8bb5-460b-8901-47c246c39b5a,TagMeQuick,10,15.0,10,0,0,0,0,526.8,559.5,139.88630303849544,,,,,,,0.0,1.0,,1.6906216295848984,,,0.5750802388691912,-0.45190251503339046,,,
7026A,7026,0ab6d34f-c5aa-4987-9a75-0886c92989e6,TagMeQuick,10,28.0,10,0,0,0,0,296.9,303.0,34.33964343308054,,,,,,,0.0,1.0,,1.6906216295848984,,,0.5750802388691912,-0.45190251503339046,,,
7026D,7026,28d46379-f237-426e-a9dd-be4126107de9,TagMeQuick,30,78.0,30,0,0,0,0,325.8333333333333,324.5,27.489287359628477,,,,,,,0.0,1.0,,2.1411981209720183,,,0.5750802388691912,-0.45190251503339046,,,
7026F,7026,2c31915e-f5b8-412c-b1f6-13454e539433,TagMeQuick,10,20.0,10,0,0,0,0,401.7,363.5,114.22594568077197,,,,,,,0.0,1.0,,1.6906216295848984,,,0.5750802388691912,-0.45190251503339046,,,
7026H,7026,47048231-b0a5-4645-89f1-f8a43ead3d52,TagMeQuick,32,71.0,30,0,0,2,0,348.9,343.0,48.93158489156058,347.0,347.0,29.698484809834994,,,,0.0625,1.0,,2.1411981209720183,,,0.5750802388691912,0.7174420948643394,,,
7026J,7026,502ed4d5-8e63-436e-ba8e-02e20c4e981d,TagMeQuick,11,22.0,10,0,0,1,0,353.3,347.0,31.077144155936995,358.0,358.0,,,,,0.09090909090909091,1.0,,1.6906216295848984,,,0.5750802388691912,1.2489623720905803,,,
7026K,7026,5a69b428-bedc-42e5-be80-828c2cd21f3a,TagMeQuick,31,85.0,30,0,0,1,0,313.4,312.5,28.796072529139256,314.0,314.0,,,,,0.03225806451612903,1.0,,2.1411981209720183,,,0.5750802388691912,0.15163018684930882,,,
7026L,7026,627d217c-9ee3-48c2-b1ed-7ed4989d6115,TagMeQuick,30,80.0,30,0,0,0,0,324.1666666666667,319.0,38.16306513148394,,,,,,,0.0,1.0,,2.1411981209720183,,,0.5750802388691912,-0.45190251503339046,,,
7026M,7026,6c07f082-8fa9-40bc-ae6e-4a5a0b545b4a,TagMeQuick,10,29.0,10,0,0,0,0,298.5,298.5,27.150813370259584,,,,,,,0.0,1.0,,1.6906216295848984,,,0.5750802388691912,-0.45190251503339046,,,
7026N,7026,6f57a215-bbb0-4a04-8a1b-3dea9115c9c7,TagMeQuick,10,23.0,10,0,0,0,0,351.7,353.5,38.50555515477965,,,,,,,0.0,1.0,,1.6906216295848984,,,0.5750802388691912,-0.45190251503339046,,,
7026O,7026,766ba13b-5952-411a-b05e-01fb1d2d344b,TagMeQuick,30,80.0,30,0,0,0,0,326.43333333333334,322.5,30.404948931715538,,,,,,,0.0,1.0,,2.1411981209720183,,,0.5750802388691912,-0.45190251503339046,,,
7026R,7026,ac86f889-3919-48f4-a270-8d2cce93ec81,TagMeQuick,11,21.0,10,0,0,1,0,370.6,351.0,90.98620164007777,312.0,312.0,,,,,0.09090909090909091,1.0,,1.6906216295848984,,,0.5750802388691912,1.2489623720905803,,,
7026T,7026,afe6fa1d-7766-4456-bae8-ada7ab991001,TagMeQuick,31,78.0,30,0,0,1,0,325.56666666666666,319.0,29.845213713578858,302.0,302.0,,,,,0.03225806451612903,1.0,,2.1411981209720183,,,0.5750802388691912,0.15163018684930882,,,
7026U,7026,b4754eb7-0d4e-4a68-9627-193c77f2980f,TagMeQuick,11,22.0,10,0,0,1,0,371.0,355.0,81.83180582416867,335.0,335.0,,,,,0.09090909090909091,1.0,,1.6906216295848984,,,0.5750802388691912,1.2489623720905803,,,
7026V,7026,b625dce2-05bf-4754-8a43-5c67b8af4621,TagMeQuick,11,26.0,10,0,0,1,0,317.1,308.0,47.38365869275093,343.0,343.0,,,,,0.09090909090909091,1.0,,1.6906216295848984,,,0.5750802388691912,1.2489623720905803,,,
7026X,7026,b9894b51-21ab-4fb1-83d7-d35051feae5c,TagMeQuick,10,28.0,10,0,0,0,0,306.4,296.5,26.0861819530741,,,,,,,0.0,1.0,,1.6906216295848984,,,0.5750802388691912,-0.45190251503339046,,,
7026Y,7026,c8031459-e1e6-46fe-b971-b4abc6a53072,TagMeQuick,30,85.0,30,0,0,0,0,305.46666666666664,303.5,28.675032192909004,,,,,,,0.0,1.0,,2.1411981209720183,,,0.5750802388691912,-0.45190251503339046,,,
7026AA,7026,ce99a773-3d67-49e8-96d6-0bda1d403c3d,TagMeQuick,10,21.0,10,0,0,0,0,381.6,359.5,83.02636796691625,,,,,,,0.0,1.0,,1.6906216295848984,,,0.5750802388691912,-0.45190251503339046,,,
7027H,7027,719dc5af-4990-4ab0-b7dc-97fc4ef3b840,TagMeQuick,31,42.0,29,0,0,1,1,506.86206896551727,502.0,80.12344232403034,663.0,663.0,,,,,0.03225806451612903,0.9666666666666667,,1.6606976105540416,,,0.44596447920793186,0.15163018684930882,,,
7027J,7027,8e488a23-2e95-42e3-a8b2-8ee8748987a0,TagMeQuick,10,18.0,10,0,0,0,0,451.2,428.0,75.73315727679066,,,,,,,0.0,1.0,,1.6906216295848984,,,0.5750802388691912,-0.45190251503339046,,,
7028J,7028,b329b82c-9db7-450c-92c6-0ff1486938ee,TagMeQuick,30,57.0,30,0,0,0,0,417.73333333333335,419.0,67.99337357842096,,,,,,,0.0,1.0,,2.1411981209720183,,,0.5750802388691912,-0.45190251503339046,,,
7028L,7028,e47f9cb6-2005-43bf-a7b5-2cd9ff9eb1fe,TagMeQuick,10,16.0,10,0,0,0,0,483.3,480.5,62.2058410976547,,,,,,,0.0,1.0,,1.6906216295848984,,,0.5750802388691912,-0.45190251503339046,,,
7029D,7029,30ea3005-a3e7-4be9-af64-617bbd0d0b4c,TagMeQuick,10,17.0,10,0,0,0,0,474.4,461.0,89.25767940817941,,,,,,,0.0,1.0,,1.6906216295848984,,,0.5750802388691912,-0.45190251503339046,,,
7029F,7029,45c2cc61-f3d3-4185-aa0e-544071550492,TagMeQuick,31,56.0,30,0,0,1,0,436.8333333333333,435.5,84.66733414525561,341.0,341.0,,,,,0.03225806451612903,1.0,,2.1411981209720183,,,0.5750802388691912,0.15163018684930882,,,
7030F,7030,5c76972a-f1f4-442d-9d80-d076f56e7cb7,TagMeQuick,33,30.0,28,0,0,3,2,579.4285714285714,572.0,151.51565829641078,849.3333333333334,888.0,308.8208758055928,,,,0.09090909090909091,0.9333333333333333,,1.4007450611305763,,,0.31684871954667254,1.2489623720905803,,,
7030M,7030,fde914a3-e122-48b7-ab23-305d2c7e7864,TagMeQuick,10,10.0,9,0,0,0,1,666.6666666666666,607.0,178.8169455057322,,,,,,,0.0,0.9,,1.0968035620935135,,,0.18773295988541322,-0.45190251503339046,,,
7031E,7031,7810eb14-6f91-457b-b0ce-84b118097279,TagMeQuick,10,23.0,10,0,0,0,0,395.4,376.5,85.14197293671056,,,,,,,0.0,1.0,,1.6906216295848984,,,0.5750802388691912,-0.45190251503339046,,,
7032D,7032,44689f0d-32cc-47e6-b692-9c4c69b969d6,TagMeQuick,10,19.0,10,0,0,0,0,450.4,433.0,85.58192955680929,,,,,,,0.0,1.0,,1.6906216295848984,,,0.5750802388691912,-0.45190251503339046,,,
7032P,7032,efe6ab4d-57c0-4a3f-8377-0d58fe6e1ace,TagMeQuick,30,62.0,30,0,0,0,0,405.03333333333336,408.0,40.7316561913698,,,,,,,0.0,1.0,,2.1411981209720183,,,0.5750802388691912,-0.45190251503339046,,,
7033C,7033,77d912ff-1fc5-4bb1-89a1-03c5c2e54233,TagMeQuick,10,18.0,10,0,0,0,0,475.7,460.0,87.78895146884943,,,,,,,0.0,1.0,,1.6906216295848984,,,0.5750802388691912,-0.45190251503339046,,,
7033G,7033,94786d71-6df1-4565-a22d-4cbe3e4db039,TagMeQuick,30,53.0,30,0,0,0,0,447.76666666666665,430.5,57.06057479032523,,,,,,,0.0,1.0,,2.1411981209720183,,,0.5750802388691912,-0.45190251503339046,,,
7034G,7034,a4b8806c-7210-4d43-b718-020c8f0b898f,TagMeQuick,11,18.0,10,0,0,1,0,448.8,458.5,90.34477172353571,485.0,485.0,,,,,0.09090909090909091,1.0,,1.6906216295848984,,,0.5750802388691912,1.2489623720905803,,,
7034J,7034,b93075cb-0eaf-4f9e-bfe6-d1abf78e6b08,TagMeQuick,31,57.0,30,0,0,1,0,457.73333333333335,423.5,141.4932515347819,328.0,328.0,,,,,0.03225806451612903,1.0,,2.1411981209720183,,,0.5750802388691912,0.15163018684930882,,,
7035E,7035,1854083d-6594-4e6f-9b8c-00a8203c9362,TagMeQuick,30,57.0,30,0,0,0,0,423.2,416.5,55.857824444961494,,,,,,,0.0,1.0,,2.1411981209720183,,,0.5750802388691912,-0.45190251503339046,,,
7035G,7035,3c0201a8-f87a-4f05-99dc-54eb0e7af083,TagMeQuick,12,17.0,10,0,0,2,0,464.6,432.0,103.63311354109854,402.5,402.5,7.7781745930520225,,,,0.16666666666666666,1.0,,1.6906216295848984,,,0.5750802388691912,2.666349778027222,,,
7036G,7036,95373535-a613-4c25-9707-b29088e35bfd,TagMeQuick,13,16.0,10,0,0,3,0,442.6,415.5,94.75488846961348,462.3333333333333,409.0,118.38214955529965,,,,0.23076923076923078,1.0,,1.6906216295848984,,,0.5750802388691912,3.865677583050535,,,
7036L,7036,f66bb9bc-17f5-4d5a-91a4-00ee7a98f077,TagMeQuick,30,57.0,30,0,0,0,0,425.3333333333333,421.0,74.65522285045148,,,,,,,0.0,1.0,,2.1411981209720183,,,0.5750802388691912,-0.45190251503339046,,,
7037A,7037,0bd0f0e8-921c-48db-9060-704008e11fd1,TagMeQuick,10,15.0,9,0,0,0,1,453.3333333333333,409.0,98.8243391073272,,,,,,,0.0,0.9,,1.0968035620935135,,,0.18773295988541322,-0.45190251503339046,,,
7037F,7037,8331a422-21dc-47ba-b5e3-5f94b4fa1b45,TagMeQuick,30,67.0,30,0,0,0,0,358.4,358.5,39.4055833607371,,,,,,,0.0,1.0,,2.1411981209720183,,,0.5750802388691912,-0.45190251503339046,,,
7038I,7038,c0267c9b-8aa2-4db4-ab5c-4c639637fd4e,TagMeQuick,30,46.0,30,0,0,0,0,491.5,486.5,88.30931141594651,,,,,,,0.0,1.0,,2.1411981209720183,,,0.5750802388691912,-0.45190251503339046,,,
7038L,7038,f3b25c8a-1157-429f-8c94-e383c13bec79,TagMeQuick,10,11.0,10,0,0,0,0,728.7,729.0,171.964498920239,,,,,,,0.0,1.0,,1.6906216295848984,,,0.5750802388691912,-0.45190251503339046,,,
7039B,7039,23439180-ddd1-4711-8b08-a17882af8c0f,TagMeQuick,10,15.0,10,0,0,0,0,524.2,498.0,152.7036345343489,,,,,,,0.0,1.0,,1.6906216295848984,,,0.5750802388691912,-0.45190251503339046,,,
7039L,7039,e1ef9039-fde1-4d41-bf35-436cad3913f9,TagMeQuick,31,43.0,30,0,0,1,0,515.3333333333334,507.0,90.23583405236768,311.0,311.0,,,,,0.03225806451612903,1.0,,2.1411981209720183,,,0.5750802388691912,0.15163018684930882,,,
7040C,7040,16667a3f-8353-44e1-94d2-a601156e519c,TagMeQuick,10,16.0,10,0,0,0,0,540.1,497.5,152.82557232202848,,,,,,,0.0,1.0,,1.6906216295848984,,,0.5750802388691912,-0.45190251503339046,,,
7040L,7040,58d7c34b-2d54-4116-9f7d-251ce65e6131,TagMeQuick,30,54.0,30,0,0,0,0,469.26666666666665,426.5,133.45435312426528,,,,,,,0.0,1.0,,2.1411981209720183,,,0.5750802388691912,-0.45190251503339046,,,
7041E,7041,44144f2c-5a09-4fbb-9e86-4748945137c7,TagMeQuick,10,11.0,10,0,0,0,0,679.0,644.0,202.09458731549992,,,,,,,0.0,1.0,,1.6906216295848984,,,0.5750802388691912,-0.45190251503339046,,,
7041F,7041,744d38ef-1673-44ac-813c-ed2df3f500d2,TagMeQuick,31,50.0,30,0,0,1,0,470.8666666666667,454.0,104.04201185043019,459.0,459.0,,,,,0.03225806451612903,1.0,,2.1411981209720183,,,0.5750802388691912,0.15163018684930882,,,
7042B,7042,1d851b19-5a4e-4cd3-a158-233491106637,TagMeQuick,31,40.0,30,0,0,1,0,572.4,545.5,137.55164547330503,420.0,420.0,,,,,0.03225806451612903,1.0,,2.1411981209720183,,,0.5750802388691912,0.15163018684930882,,,
7042F,7042,8ded9267-2d14-4338-b0d0-5bf634481e06,TagMeQuick,10,11.0,10,0,0,0,0,616.9,617.5,79.12500658241152,,,,,,,0.0,1.0,,1.6906216295848984,,,0.5750802388691912,-0.45190251503339046,,,
7043H,7043,6e88ab7b-f9b4-4041-9585-cb7b82922d70,TagMeQuick,31,59.0,30,0,0,1,0,416.4,410.5,56.107409308489245,335.0,335.0,,,,,0.03225806451612903,1.0,,2.1411981209720183,,,0.5750802388691912,0.15163018684930882,,,
7043K,7043,73897d4b-5a7b-46f5-b9d2-e6b43cc0d464,TagMeQuick,10,18.0,10,0,0,0,0,469.9,447.0,80.39686284647901,,,,,,,0.0,1.0,,1.6906216295848984,,,0.5750802388691912,-0.45190251503339046,,,
7044H,7044,bf55b6f7-c494-4359-aaa1-c324a238325d,TagMeQuick,11,13.0,10,0,0,1,0,552.6,519.0,102.38077076395851,586.0,586.0,,,,,0.09090909090909091,1.0,,1.6906216295848984,,,0.5750802388691912,1.2489623720905803,,,
7044I,7044,cd98fa87-9018-4b5d-abe3-0ac2093170ab,TagMeQuick,32,46.0,30,0,0,2,0,487.1666666666667,473.5,54.61910953537032,464.5,464.5,13.435028842544403,,,,0.0625,1.0,,2.1411981209720183,,,0.5750802388691912,0.7174420948643394,,,
7045D,7045,6131c69d-0bfb-4ee6-81fc-76ec1d42e8ef,TagMeQuick,13,10.0,10,0,0,3,0,761.5,673.0,200.43910130843565,668.0,659.0,177.67104434881898,,,,0.23076923076923078,1.0,,1.6906216295848984,,,0.5750802388691912,3.865677583050535,,,
7045J,7045,a3ff6658-4f4f-481c-a0fb-04abecefe811,TagMeQuick,32,60.0,30,0,0,2,0,406.96666666666664,386.0,102.59074480449115,437.0,437.0,123.03657992645927,,,,0.0625,1.0,,2.1411981209720183,,,0.5750802388691912,0.7174420948643394,,,
7046B,7046,1bc6719c-00eb-4408-8b75-adac2c35800c,TagMeQuick,10,13.0,10,0,0,0,0,731.1,692.0,306.6668297101016,,,,,,,0.0,1.0,,1.6906216295848984,,,0.5750802388691912,-0.45190251503339046,,,
7046M,7046,f234c9eb-c021-4254-8b2b-8d7b729b009d,TagMeQuick,30,47.0,30,0,0,0,0,514.3333333333334,494.0,135.30918192289715,,,,,,,0.0,1.0,,2.1411981209720183,,,0.5750802388691912,-0.45190251503339046,,,
7047B,7047,163d9951-239b-4cd5-8fae-40d6922bf51d,TagMeQuick,11,17.0,10,0,0,1,0,434.3,421.5,68.12415137086113,424.0,424.0,,,,,0.09090909090909091,1.0,,1.6906216295848984,,,0.5750802388691912,1.2489623720905803,,,
7047C,7047,2b76519d-a4ff-4c34-bb9a-637857b3b039,TagMeQuick,30,64.0,30,0,0,0,0,374.23333333333335,358.0,54.554422895593575,,,,,,,0.0,1.0,,2.1411981209720183,,,0.5750802388691912,-0.45190251503339046,,,
7048A,7048,04f62460-12ca-48bf-a4e4-34e8daa1bff5,TagMeQuick,10,13.0,10,0,0,0,0,573.7,563.0,131.03608493676677,,,,,,,0.0,1.0,,1.6906216295848984,,,0.5750802388691912,-0.45190251503339046,,,
7048K,7048,dfac867c-63a8-4913-89be-49962293e87a,TagMeQuick,30,42.0,28,0,0,0,2,541.1071428571429,498.5,97.91505739981193,,,,,,,0.0,0.9333333333333333,,1.4007450611305763,,,0.31684871954667254,-0.45190251503339046,,,
7049A,7049,03beb697-0108-4c8a-bf06-69116547bad8,TagMeQuick,10,13.0,10,0,0,0,0,556.6,561.0,110.61163290239111,,,,,,,0.0,1.0,,1.6906216295848984,,,0.5750802388691912,-0.45190251503339046,,,
7049J,7049,91c88ec7-e93b-40b5-ad94-34384125a99e,TagMeQuick,30,48.0,30,0,0,0,0,485.03333333333336,474.5,103.53825990602613,,,,,,,0.0,1.0,,2.1411981209720183,,,0.5750802388691912,-0.45190251503339046,,,
7051C,7051,4642d5d9-5e82-487c-9aa8-e35671244043,TagMeQuick,10,12.0,10,0,0,0,0,594.9,567.5,145.87090944469435,,,,,,,0.0,1.0,,1.6906216295848984,,,0.5750802388691912,-0.45190251503339046,,,
7051L,7051,cbaf1efa-2a9f-42d2-87b6-fe5ab97c7238,TagMeQuick,30,57.0,30,0,0,0,0,439.3,406.5,102.90945132694952,,,,,,,0.0,1.0,,2.1411981209720183,,,0.5750802388691912,-0.45190251503339046,,,
7052A,7052,13596b2f-6f28-41af-95ab-a03ba2024606,TagMeQuick,11,13.0,10,0,0,1,0,642.0,619.0,251.83592542235377,616.0,616.0,,,,,0.09090909090909091,1.0,,1.6906216295848984,,,0.5750802388691912,1.2489623720905803,,,
7052C,7052,1e9a0358-f916-4178-9fb2-0b24f7e47ce9,TagMeQuick,33,39.0,30,0,0,3,0,540.3,519.0,122.20253115500373,444.0,467.0,44.23799272118933,,,,0.09090909090909091,1.0,,2.1411981209720183,,,0.5750802388691912,1.2489623720905803,,,
7053E,7053,37eb1d17-8fd7-4b46-9875-c77ea58d91ae,TagMeQuick,30,56.0,30,0,0,0,0,444.43333333333334,435.0,79.90066390183516,,,,,,,0.0,1.0,,2.1411981209720183,,,0.5750802388691912,-0.45190251503339046,,,
7053F,7053,40dc14ec-3173-4bee-ace8-471d260ad783,TagMeQuick,12,16.0,10,0,0,2,0,430.2,432.5,80.21748216220978,375.0,375.0,24.041630560342615,,,,0.16666666666666666,1.0,,1.6906216295848984,,,0.5750802388691912,2.666349778027222,,,
7053O,7053,96e326c4-6cf9-4e26-99ec-769683bc2a1e,TagMeQuick,11,16.0,10,0,0,1,0,509.8,473.0,146.90495793766345,406.0,406.0,,,,,0.09090909090909091,1.0,,1.6906216295848984,,,0.5750802388691912,1.2489623720905803,,,
7053Q,7053,a3e89719-bf00-49d5-883c-98e124acac51,TagMeQuick,31,53.0,30,0,0,1,0,453.6666666666667,440.5,79.3309668342103,612.0,612.0,,,,,0.03225806451612903,1.0,,2.1411981209720183,,,0.5750802388691912,0.15163018684930882,,,
7054B,7054,1976e7d5-b0a1-4eae-9098-378e310561fe,TagMeQuick,10,14.0,10,0,0,0,0,537.8,557.5,74.73627707553482,,,,,,,0.0,1.0,,1.6906216295848984,,,0.5750802388691912,-0.45190251503339046,,,
7054I,7054,947948c9-6d7d-4a03-9b9a-4d3c9aa138aa,TagMeQuick,31,45.0,30,0,0,1,0,493.96666666666664,497.0,54.23479181925713,455.0,455.0,,,,,0.03225806451612903,1.0,,2.1411981209720183,,,0.5750802388691912,0.15163018684930882,,,
7055J,7055,9a325b72-ff69-45b2-8101-5f0d09f0a985,TagMeQuick,10,17.0,10,0,0,0,0,483.2,460.5,94.82123531502143,,,,,,,0.0,1.0,,1.6906216295848984,,,0.5750802388691912,-0.45190251503339046,,,
7055K,7055,9f3511f4-d44b-4289-8be3-de75e535f7c4,TagMeQuick,31,56.0,30,0,0,1,0,450.7,437.0,102.17670630013882,478.0,478.0,,,,,0.03225806451612903,1.0,,2.1411981209720183,,,0.5750802388691912,0.15163018684930882,,,
7056E,7056,4e460657-4a9e-44e3-8cbe-668183350c3a,TagMeQuick,10,21.0,10,0,0,0,0,408.3,412.0,53.40214311138541,,,,,,,0.0,1.0,,1.6906216295848984,,,0.5750802388691912,-0.45190251503339046,,,
7056H,7056,709ff8d1-c5eb-4556-bb05-7f1df7a58a5f,TagMeQuick,31,66.0,30,0,0,1,0,388.5,370.0,87.43736674585,351.0,351.0,,,,,0.03225806451612903,1.0,,2.1411981209720183,,,0.5750802388691912,0.15163018684930882,,,
7057J,7057,cad95e49-1d09-495b-a6c5-217300913c2b,TagMeQuick,10,12.0,10,0,0,0,0,616.2,562.0,195.50777193986147,,,,,,,0.0,1.0,,1.6906216295848984,,,0.5750802388691912,-0.45190251503339046,,,
7057M,7057,f460f055-f3ab-4c19-ad2e-46757318c331,TagMeQuick,30,48.0,29,0,0,0,1,472.9655172413793,478.0,64.15076146893608,,,,,,,0.0,0.9666666666666667,,1.6606976105540416,,,0.44596447920793186,-0.45190251503339046,,,
7058C,7058,339268a9-780b-43ec-a53e-d4cafb2d6c27,TagMeQuick,10,13.0,10,0,0,0,0,593.2,534.0,192.09650352535488,,,,,,,0.0,1.0,,1.6906216295848984,,,0.5750802388691912,-0.45190251503339046,,,
7058L,7058,f1b157ef-7c7a-4ff1-aedb-a1a49c8e8cff,TagMeQuick,32,47.0,30,0,0,2,0,479.96666666666664,462.5,109.25089231335535,464.5,464.5,72.8319984622144,,,,0.0625,1.0,,2.1411981209720183,,,0.5750802388691912,0.7174420948643394,,,
7059B,7059,0cd42452-f224-42be-b32b-d709683f88c5,TagMeQuick,32,57.0,30,0,0,2,0,423.53333333333336,409.5,73.93460919475811,538.5,538.5,258.0939751330898,,,,0.0625,1.0,,2.1411981209720183,,,0.5750802388691912,0.7174420948643394,,,
7059D,7059,33067d0e-cfac-443f-b1e1-b515fbab6a4b,TagMeQuick,11,17.0,10,0,0,1,0,460.0,458.0,67.42073535312082,377.0,377.0,,,,,0.09090909090909091,1.0,,1.6906216295848984,,,0.5750802388691912,1.2489623720905803,,,
7060C,7060,63858f12-361c-4704-a4ae-9ad39b1df26c,TagMeQuick,10,17.0,10,0,0,0,0,494.9,486.5,108.90714699534952,,,,,,,0.0,1.0,,1.6906216295848984,,,0.5750802388691912,-0.45190251503339046,,,
7060L,7060,f3b409f8-06e8-4fd7-8644-298fa8537de8,TagMeQuick,31,58.0,30,0,0,1,0,425.76666666666665,405.0,91.95789266282968,364.0,364.0,,,,,0.03225806451612903,1.0,,2.1411981209720183,,,0.5750802388691912,0.15163018684930882,,,
7061L,7061,d70d614f-4836-425d-b07d-65eaff621511,TagMeQuick,10,13.0,10,0,0,0,0,550.3,552.0,73.88136135423842,,,,,,,0.0,1.0,,1.6906216295848984,,,0.5750802388691912,-0.45190251503339046,,,
7061M,7061,ff8f8132-66b8-40c5-b036-eded2649aeac,TagMeQuick,30,45.0,30,0,0,0,0,530.5,502.5,117.91690528386563,,,,,,,0.0,1.0,,2.1411981209720183,,,0.5750802388691912,-0.45190251503339046,,,
7062B,7062,0575d08c-e488-4ba2-900a-7f6f7496d172,TagMeQuick,10,18.0,10,0,0,0,0,472.2,415.5,171.42202633008137,,,,,,,0.0,1.0,,1.6906216295848984,,,0.5750802388691912,-0.45190251503339046,,,
7062J,7062,a0ad4570-8b63-446a-9e73-ec3d8fd1b3ef,TagMeQuick,30,66.0,30,0,0,0,0,389.03333333333336,388.5,68.3421833349543,,,,,,,0.0,1.0,,2.1411981209720183,,,0.5750802388691912,-0.45190251503339046,,,
7063A,7063,00beb6a9-3a5d-48ea-bc82-767b0f9c389a,TagMeQuick,10,13.0,10,0,0,0,0,610.7,537.5,223.55464159300692,,,,,,,0.0,1.0,,1.6906216295848984,,,0.5750802388691912,-0.45190251503339046,,,
7063J,7063,bbd01430-dc81-45bd-ac57-705fb8ad4dd0,TagMeQuick,31,50.0,30,0,0,1,0,461.4,462.0,69.3882629446995,348.0,348.0,,,,,0.03225806451612903,1.0,,2.1411981209720183,,,0.5750802388691912,0.15163018684930882,,,
7064D,7064,61ecc4f8-7918-406f-825f-82535b3a60fa,TagMeQuick,10,20.0,10,0,0,0,0,385.9,377.0,57.01744372460842,,,,,,,0.0,1.0,,1.6906216295848984,,,0.5750802388691912,-0.45190251503339046,,,
7064F,7064,7b2c625b-f5b2-4e63-939a-a5bcf5d855f3,TagMeQuick,30,73.0,30,0,0,0,0,340.8,341.5,28.385766224252798,,,,,,,0.0,1.0,,2.1411981209720183,,,0.5750802388691912,-0.45190251503339046,,,
7065N,7065,c1f2eda9-8bbc-4460-bd1a-3f10065afdc0,TagMeQuick,30,73.0,30,0,0,0,0,351.3333333333333,339.5,50.72803301265814,,,,,,,0.0,1.0,,2.1411981209720183,,,0.5750802388691912,-0.45190251503339046,,,
7065Q,7065,e10fdea3-2262-43b6-bf2a-7d215816f254,TagMeQuick,11,20.0,10,0,0,1,0,384.1,346.0,80.51286991669234,354.0,354.0,,,,,0.09090909090909091,1.0,,1.6906216295848984,,,0.5750802388691912,1.2489623720905803,,,
7066A,7066,14484ae2-1839-40df-92a3-243ea1c2a7c7,TagMeQuick,10,14.0,10,0,0,0,0,562.8,535.0,85.29139594485613,,,,,,,0.0,1.0,,1.6906216295848984,,,0.5750802388691912,-0.45190251503339046,,,
7066N,7066,bec5e061-48be-44a5-89ed-c32db7618248,TagMeQuick,30,47.0,30,0,0,0,0,501.53333333333336,489.0,82.37916263705044,,,,,,,0.0,1.0,,2.1411981209720183,,,0.5750802388691912,-0.45190251503339046,,,
7067H,7067,aaf3e337-fe8d-46a0-8e2a-b69529e82864,TagMeQuick,30,49.0,30,0,0,0,0,497.73333333333335,478.0,94.08027875476728,,,,,,,0.0,1.0,,2.1411981209720183,,,0.5750802388691912,-0.45190251503339046,,,
7067K,7067,d3accdfe-e570-466a-97a5-8f415ed5a5ff,TagMeQuick,10,12.0,10,0,0,0,0,566.2,544.5,167.25084288111807,,,,,,,0.0,1.0,,1.6906216295848984,,,0.5750802388691912,-0.45190251503339046,,,
7068I,7068,8e666704-edc5-4451-93d2-de847f12c060,TagMeQuick,30,55.0,30,0,0,0,0,455.6666666666667,430.5,110.74086973599701,,,,,,,0.0,1.0,,2.1411981209720183,,,0.5750802388691912,-0.45190251503339046,,,
7068J,7068,b9a2e1f8-5d8c-4130-beae-fd2b7087ab63,TagMeQuick,10,14.0,10,0,0,0,0,687.2,641.5,263.711037143141,,,,,,,0.0,1.0,,1.6906216295848984,,,0.5750802388691912,-0.45190251503339046,,,
7069E,7069,2eac2669-70bb-427a-a61a-87c56e7dc56a,TagMeQuick,11,13.0,10,0,0,1,0,522.0,536.5,73.68250206874839,563.0,563.0,,,,,0.09090909090909091,1.0,,1.6906216295848984,,,0.5750802388691912,1.2489623720905803,,,
7069G,7069,551e57a5-bb64-49d5-a195-60c3d30b4dae,TagMeQuick,33,45.0,28,0,0,3,2,465.5,437.5,124.26420479201802,479.6666666666667,489.0,33.00505011863084,,,,0.09090909090909091,0.9333333333333333,,1.4007450611305763,,,0.31684871954667254,1.2489623720905803,,,
7070A,7070,073e1c31-af49-46b6-bee9-1f8652214f61,TagMeQuick,10,18.0,10,0,0,0,0,495.4,453.0,156.25491992254194,,,,,,,0.0,1.0,,1.6906216295848984,,,0.5750802388691912,-0.45190251503339046,,,
7070C,7070,2bf343f0-ff88-438c-993f-532893edd2b5,TagMeQuick,31,59.0,30,0,0,1,0,443.43333333333334,414.5,135.1731159083337,300.0,300.0,,,,,0.03225806451612903,1.0,,2.1411981209720183,,,0.5750802388691912,0.15163018684930882,,,
7071A,7071,1aff11b2-5ab2-499a-8df7-1a2e99741c82,TagMeQuick,30,57.0,29,0,0,0,1,429.7241379310345,423.0,66.96795425090812,,,,,,,0.0,0.9666666666666667,,1.6606976105540416,,,0.44596447920793186,-0.45190251503339046,,,
7071B,7071,25becbe5-6c65-409d-b562-1cb8a58f35df,TagMeQuick,10,15.0,10,0,0,0,0,543.6,515.5,101.99477110780401,,,,,,,0.0,1.0,,1.6906216295848984,,,0.5750802388691912,-0.45190251503339046,,,
7072B,7072,356e37dc-3fd1-4f0e-8b3b-0e35037bcdb8,TagMeQuick,11,13.0,10,0,0,1,0,525.0,530.5,114.80418110852932,300.0,300.0,,,,,0.09090909090909091,1.0,,1.6906216295848984,,,0.5750802388691912,1.2489623720905803,,,
7072F,7072,a46c1a91-e605-4691-84d7-cfff7f12d3bb,TagMeQuick,32,51.0,30,0,0,2,0,470.7,429.0,116.71839083289612,381.0,381.0,67.88225099390856,,,,0.0625,1.0,,2.1411981209720183,,,0.5750802388691912,0.7174420948643394,,,
7073I,7073,89571360-2ca1-410d-8413-22914b683e4a,TagMeQuick,11,21.0,10,0,0,1,0,391.2,358.0,85.2353604243372,319.0,319.0,,,,,0.09090909090909091,1.0,,1.6906216295848984,,,0.5750802388691912,1.2489623720905803,,,
7073J,7073,90f23a18-a21f-42f5-9a20-bcf826e68041,TagMeQuick,33,65.0,30,0,0,3,0,358.73333333333335,345.0,42.6929157761714,374.6666666666667,391.0,30.03886371574886,,,,0.09090909090909091,1.0,,2.1411981209720183,,,0.5750802388691912,1.2489623720905803,,,
7074B,7074,24a50a64-cd1d-414b-911b-7762ec91b556,TagMeQuick,10,22.0,10,0,0,0,0,397.4,393.5,104.86732358344784,,,,,,,0.0,1.0,,1.6906216295848984,,,0.5750802388691912,-0.45190251503339046,,,
7074M,7074,d4b68185-d207-4d8c-b2ff-02ac148b8898,TagMeQuick,31,62.0,30,0,0,1,0,419.8,408.0,94.97055805117566,331.0,331.0,,,,,0.03225806451612903,1.0,,2.1411981209720183,,,0.5750802388691912,0.15163018684930882,,,
7075A,7075,1691b451-6ed0-4fcb-9dbd-fd81b60d9268,TagMeQuick,30,58.0,30,0,0,0,0,424.73333333333335,390.0,95.86122632557795,,,,,,,0.0,1.0,,2.1411981209720183,,,0.5750802388691912,-0.45190251503339046,,,
7075T,7075,fa6c74ea-8d22-45a3-b705-680da0efad72,TagMeQuick,11,16.0,10,0,0,1,0,469.7,448.0,70.83478429886455,465.0,465.0,,,,,0.09090909090909091,1.0,,1.6906216295848984,,,0.5750802388691912,1.2489623720905803,,,
7076B,7076,0af48938-78c7-4b1a-a874-591ac0e1aa0d,TagMeQuick,10,23.0,10,0,0,0,0,366.4,349.5,50.64955851513197,,,,,,,0.0,1.0,,1.6906216295848984,,,0.5750802388691912,-0.45190251503339046,,,
7076L,7076,982c655a-fb91-4824-9c4e-b314d8aa32aa,TagMeQuick,33,72.0,30,0,0,3,0,334.56666666666666,333.0,38.519751613527006,316.3333333333333,325.0,27.061657993059725,,,,0.09090909090909091,1.0,,2.1411981209720183,,,0.5750802388691912,1.2489623720905803,,,
7076Q,7076,efcee8c1-7190-4513-9def-290347a8b1cf,TagMeQuick,30,77.0,30,0,0,0,0,331.26666666666665,320.5,44.81066170342557,,,,,,,0.0,1.0,,2.1411981209720183,,,0.5750802388691912,-0.45190251503339046,,,
7076S,7076,f63147e4-d79d-4a73-9f7b-83ac00b03c12,TagMeQuick,10,19.0,10,0,0,0,0,372.7,355.0,51.9381041882226,,,,,,,0.0,1.0,,1.6906216295848984,,,0.5750802388691912,-0.45190251503339046,,,
7077E,7077,6847e7ac-e216-4755-a81e-a2ce37435f28,TagMeQuick,30,47.0,30,0,0,0,0,500.4,479.5,118.84344961856914,,,,,,,0.0,1.0,,2.1411981209720183,,,0.5750802388691912,-0.45190251503339046,,,
7077I,7077,9a6d2207-11b8-45de-a72c-727814840d08,TagMeQuick,10,13.0,10,0,0,0,0,568.2,580.0,90.05775924372092,,,,,,,0.0,1.0,,1.6906216295848984,,,0.5750802388691912,-0.45190251503339046,,,
7078I,7078,7ecab628-2906-417f-b09c-1bf96ebef794,TagMeQuick,10,17.0,10,0,0,0,0,473.9,473.5,74.49750182239521,,,,,,,0.0,1.0,,1.6906216295848984,,,0.5750802388691912,-0.45190251503339046,,,
7078M,7078,f290e34d-c039-465f-849e-8b611796576e,TagMeQuick,31,60.0,30,0,0,1,0,402.6,389.0,54.803473335685325,431.0,431.0,,,,,0.03225806451612903,1.0,,2.1411981209720183,,,0.5750802388691912,0.15163018684930882,,,
7079C,7079,12f3d700-3b07-4dde-b97c-6823c1e2d6ce,TagMeQuick,34,58.0,30,0,0,4,0,401.1666666666667,391.5,59.5610861931324,401.0,392.5,22.37558192911788,,,,0.11764705882352941,1.0,,2.1411981209720183,,,0.5750802388691912,1.7492167506564538,,,
7079K,7079,8ab2be22-4194-4155-a6db-c5ac8cb11b47,TagMeQuick,10,23.0,10,0,0,0,0,385.7,385.5,70.70918532191477,,,,,,,0.0,1.0,,1.6906216295848984,,,0.5750802388691912,-0.45190251503339046,,,
7079M,7079,95c67f76-0353-4932-9bc1-4a95f1927ad5,TagMeQuick,12,14.0,10,0,0,2,0,490.9,500.0,124.11594042131199,521.5,521.5,13.435028842544403,,,,0.16666666666666666,1.0,,1.6906216295848984,,,0.5750802388691912,2.666349778027222,,,
7079P,7079,c4f39608-3de4-43b2-9ae0-4b65bed08804,TagMeQuick,58,26.0,16,0,0,28,14,519.25,451.0,209.84454563636703,442.9642857142857,433.5,96.01060209313195,,,,0.4827586206896552,0.5333333333333333,,0.0809472904812959,,,-1.2325403963884398,8.580276540728386,,,
7080A,7080,015a2f46-e6e5-4f6b-9d66-83ddc5f83011,TagMeQuick,32,60.0,30,0,0,2,0,409.7,385.5,106.32356276950091,341.0,341.0,55.154328932550705,,,,0.0625,1.0,,2.1411981209720183,,,0.5750802388691912,0.7174420948643394,,,
7080F,7080,65269931-4391-44e5-95b6-4de20001d259,TagMeQuick,11,20.0,10,0,0,1,0,408.5,389.0,100.36848775055512,370.0,370.0,,,,,0.09090909090909091,1.0,,1.6906216295848984,,,0.5750802388691912,1.2489623720905803,,,
7080I,7080,acec9570-7edd-4406-afcb-936a5af7c483,TagMeQuick,10,20.0,10,0,0,0,0,429.1,435.0,68.06116530167715,,,,,,,0.0,1.0,,1.6906216295848984,,,0.5750802388691912,-0.45190251503339046,,,
7081L,7081,7256ec5d-8dab-41e2-9708-06c44f417749,TagMeQuick,30,50.0,30,0,0,0,0,481.1333333333333,471.5,64.81577784360275,,,,,,,0.0,1.0,,2.1411981209720183,,,0.5750802388691912,-0.45190251503339046,,,
7081Q,7081,a65052ce-144c-4be6-ba6c-b63d68a6da53,TagMeQuick,10,11.0,8,0,0,0,2,531.125,501.0,207.93985222380329,,,,,,,0.0,0.8,,0.7478585947633021,,,-0.19961431909836477,-0.45190251503339046,,,
7082L,7082,ea399911-46f1-4d9a-901a-7e38d0605a06,TagMeQuick,31,61.0,30,0,0,1,0,412.6333333333333,407.0,72.99385110302494,486.0,486.0,,,,,0.03225806451612903,1.0,,2.1411981209720183,,,0.5750802388691912,0.15163018684930882,,,
7082M,7082,f59ab044-e5c6-459c-af89-f1c551550df3,TagMeQuick,10,12.0,9,0,0,0,1,532.8888888888889,506.0,155.6393623448487,,,,,,,0.0,0.9,,1.0968035620935135,,,0.18773295988541322,-0.45190251503339046,,,
7083D,7083,2f49f7aa-d3c7-4a96-980c-4f4eab2dbad5,TagMeQuick,31,67.0,30,0,0,1,0,365.76666666666665,358.5,52.89657008197017,383.0,383.0,,,,,0.03225806451612903,1.0,,2.1411981209720183,,,0.5750802388691912,0.15163018684930882,,,
7083I,7083,69545e78-d112-4796-9dc4-68096944be14,TagMeQuick,10,23.0,10,0,0,0,0,367.8,345.0,51.70170854688138,,,,,,,0.0,1.0,,1.6906216295848984,,,0.5750802388691912,-0.45190251503339046,,,
7083K,7083,8b18fc62-65e9-46a8-b363-4b369c4b1b5b,TagMeQuick,10,24.0,10,0,0,0,0,363.5,342.0,67.51172737631094,,,,,,,0.0,1.0,,1.6906216295848984,,,0.5750802388691912,-0.45190251503339046,,,
7083N,7083,9917a247-0ac6-4724-a656-de26894d00bb,TagMeQuick,31,71.0,30,0,0,1,0,357.06666666666666,344.0,55.673266867305,451.0,451.0,,,,,0.03225806451612903,1.0,,2.1411981209720183,,,0.5750802388691912,0.15163018684930882,,,
7083P,7083,b10cabf6-61af-43a6-90df-0c1e6af56846,TagMeQuick,10,19.0,10,0,0,0,0,416.9,378.5,95.80008118762507,,,,,,,0.0,1.0,,1.6906216295848984,,,0.5750802388691912,-0.45190251503339046,,,
7083T,7083,e950fa9d-763e-4c6a-9f54-87026c5b75bf,TagMeQuick,31,65.0,30,0,0,1,0,361.3333333333333,348.5,49.32812957954206,308.0,308.0,,,,,0.03225806451612903,1.0,,2.1411981209720183,,,0.5750802388691912,0.15163018684930882,,,
7084C,7084,404dc772-63db-478d-864a-e6eef3d6d6c0,TagMeQuick,33,48.0,30,0,0,3,0,486.43333333333334,463.0,102.98633432388624,490.3333333333333,499.0,52.53887449625594,,,,0.09090909090909091,1.0,,2.1411981209720183,,,0.5750802388691912,1.2489623720905803,,,
7084D,7084,658dee0c-7ebb-4921-89d2-2cc01e554181,TagMeQuick,11,10.0,10,0,0,1,0,749.8,642.0,275.8573705538587,812.0,812.0,,,,,0.09090909090909091,1.0,,1.6906216295848984,,,0.5750802388691912,1.2489623720905803,,,
7085B,7085,2a7533f3-99aa-41bb-bf8e-06c46c15a38f,TagMeQuick,30,54.0,30,0,0,0,0,444.93333333333334,431.0,73.44711131773353,,,,,,,0.0,1.0,,2.1411981209720183,,,0.5750802388691912,-0.45190251503339046,,,
7085G,7085,918132a2-4f71-4015-97bc-a504fdacd8dd,TagMeQuick,10,18.0,10,0,0,0,0,450.4,415.5,110.52722138309036,,,,,,,0.0,1.0,,1.6906216295848984,,,0.5750802388691912,-0.45190251503339046,,,
7090C,7090,2056df81-0555-4d0c-a8fb-87a5ba18e5ad,TagMeQuick,31,67.0,30,0,0,1,0,356.96666666666664,350.0,53.79557944493295,339.0,339.0,,,,,0.03225806451612903,1.0,,2.1411981209720183,,,0.5750802388691912,0.15163018684930882,,,
7090H,7090,597c47f8-411d-4808-8e35-140a29d29547,TagMeQuick,10,19.0,10,0,0,0,0,413.1,399.5,58.9509212066369,,,,,,,0.0,1.0,,1.6906216295848984,,,0.5750802388691912,-0.45190251503339046,,,
7091A,7091,192e319f-dca0-433e-9a7a-60f4c2fd86e4,TagMeQuick,10,12.0,10,0,0,0,0,745.8,772.0,175.49536239519898,,,,,,,0.0,1.0,,1.6906216295848984,,,0.5750802388691912,-0.45190251503339046,,,
7091B,7091,39c54a12-ec6c-4b90-83f0-1393e40eaf49,TagMeQuick,30,34.0,30,0,0,0,0,709.5666666666667,716.0,118.21945791571308,,,,,,,0.0,1.0,,2.1411981209720183,,,0.5750802388691912,-0.45190251503339046,,,
7092B,7092,373bc987-055a-4d08-a12c-03b0a4d9c194,TagMeQuick,10,24.0,10,0,0,0,0,357.4,337.0,68.87541086790134,,,,,,,0.0,1.0,,1.6906216295848984,,,0.5750802388691912,-0.45190251503339046,,,
7092L,7092,f543840d-c7a9-47cf-b5a9-0d61ff3c9e80,TagMeQuick,38,74.0,30,0,0,8,0,314.7,308.5,41.61245668936331,297.875,294.5,40.66390993778846,,,,0.21052631578947367,1.0,,2.1411981209720183,,,0.5750802388691912,3.4869424867273837,,,
7093E,7093,698530dc-9884-4da7-bafa-9e5c617cc025,TagMeQuick,36,58.0,30,0,0,6,0,384.9,385.0,52.72331814161614,332.5,334.5,19.107590114925536,,,,0.16666666666666666,1.0,,2.1411981209720183,,,0.5750802388691912,2.666349778027222,,,
7093J,7093,b6301609-4f51-49f1-8bb7-9fa1fbde3832,TagMeQuick,11,17.0,10,0,0,1,0,472.8,404.0,159.35690202254256,335.0,335.0,,,,,0.09090909090909091,1.0,,1.6906216295848984,,,0.5750802388691912,1.2489623720905803,,,
7094D,7094,5cd718a2-5a5c-4837-96d6-21e0a17bcda3,TagMeQuick,34,59.0,30,0,0,4,0,407.06666666666666,386.5,84.67378918362307,340.0,361.0,67.32508200267317,,,,0.11764705882352941,1.0,,2.1411981209720183,,,0.5750802388691912,1.7492167506564538,,,
7094H,7094,9d5654f3-b327-4b51-9e5c-5a8293ac3e93,TagMeQuick,11,17.0,10,0,0,1,0,455.7,451.0,111.45906074528989,347.0,347.0,,,,,0.09090909090909091,1.0,,1.6906216295848984,,,0.5750802388691912,1.2489623720905803,,,
7095D,7095,374feb3d-83db-4ffc-8b26-a91050f11e1f,TagMeQuick,32,49.0,30,0,0,2,0,474.26666666666665,469.5,114.8239832371129,469.0,469.0,138.59292911256333,,,,0.0625,1.0,,2.1411981209720183,,,0.5750802388691912,0.7174420948643394,,,
7095E,7095,3ec9eb6a-a68f-4130-aa71-b4bb5cd4dbdf,TagMeQuick,10,15.0,10,0,0,0,0,524.6,488.5,159.7993185912325,,,,,,,0.0,1.0,,1.6906216295848984,,,0.5750802388691912,-0.45190251503339046,,,
7096B,7096,18a00838-15d1-47c4-8baf-887be1be558e,TagMeQuick,10,18.0,10,0,0,0,0,478.7,463.5,104.73994250311365,,,,,,,0.0,1.0,,1.6906216295848984,,,0.5750802388691912,-0.45190251503339046,,,
7096G,7096,55fbded0-f148-42ac-b553-f843ac810215,TagMeQuick,31,57.0,30,0,0,1,0,425.8333333333333,436.0,49.49683607675541,469.0,469.0,,,,,0.03225806451612903,1.0,,2.1411981209720183,,,0.5750802388691912,0.15163018684930882,,,
7097C,7097,2ee296d5-db1f-4548-9610-77d0e042e823,TagMeQuick,10,18.0,10,0,0,0,0,474.6,462.0,105.65162879324987,,,,,,,0.0,1.0,,1.6906216295848984,,,0.5750802388691912,-0.45190251503339046,,,
7097M,7097,df091137-c43b-4fcd-8527-8ddcc0531116,TagMeQuick,30,33.0,25,0,0,0,5,511.2,495.0,98.9511664071391,,,,,,,0.0,0.8333333333333334,,0.9252445598541517,,,-0.07049855943710544,-0.45190251503339046,,,
7098A,7098,0921ef96-eb9a-43b0-985d-3b72bcb861f3,TagMeQuick,32,57.0,30,0,0,2,0,427.9,414.5,69.89763451179753,373.0,373.0,72.12489168102785,,,,0.0625,1.0,,2.1411981209720183,,,0.5750802388691912,0.7174420948643394,,,
7098B,7098,35bb9486-37e2-483c-951e-5d393c451f61,TagMeQuick,13,20.0,10,0,0,3,0,379.5,373.5,107.62202376837188,362.6666666666667,335.0,62.29232162420448,,,,0.23076923076923078,1.0,,1.6906216295848984,,,0.5750802388691912,3.865677583050535,,,
7099J,7099,a68dcab2-2bbc-4a2d-bc98-26f34ab525c8,TagMeQuick,32,60.0,30,0,0,2,0,379.9,374.5,31.60788858322642,327.5,327.5,6.363961030678928,,,,0.0625,1.0,,2.1411981209720183,,,0.5750802388691912,0.7174420948643394,,,
7099L,7099,de1aaef4-ed8e-409d-ae19-8d89bbef9d1d,TagMeQuick,10,20.0,10,0,0,0,0,426.4,437.0,35.94501974466622,,,,,,,0.0,1.0,,1.6906216295848984,,,0.5750802388691912,-0.45190251503339046,,,
7100C,7100,1cbe8e8a-faad-4beb-a5f4-e81a51b98fad,TagMeQuick,34,24.0,28,0,0,4,2,760.1785714285714,716.0,196.31910032760223,859.25,860.5,50.68448151719288,,,,0.11764705882352941,0.9333333333333333,,1.4007450611305763,,,0.31684871954667254,1.7492167506564538,,,
7100E,7100,23502919-3369-469a-85ef-c5872c477046,TagMeQuick,11,6.0,8,0,0,1,2,812.75,739.0,211.61201019115822,611.0,611.0,,,,,0.09090909090909091,0.8,,0.7478585947633021,,,-0.19961431909836477,1.2489623720905803,,,
7101A,7101,0d2b3a1c-b67e-486c-b63b-58d88745f42d,TagMeQuick,10,18.0,10,0,0,0,0,454.9,448.0,99.20287854246524,,,,,,,0.0,1.0,,1.6906216295848984,,,0.5750802388691912,-0.45190251503339046,,,
7101P,7101,d571cc35-4a22-46f6-a18e-972e49758ef3,TagMeQuick,31,46.0,30,0,0,1,0,491.5,493.5,95.7744296736365,460.0,460.0,,,,,0.03225806451612903,1.0,,2.1411981209720183,,,0.5750802388691912,0.15163018684930882,,,
7102G,7102,6f60a917-3c71-488a-a291-431e7eed0ffa,TagMeQuick,10,18.0,10,0,0,0,0,444.6,423.0,83.49344618325175,,,,,,,0.0,1.0,,1.6906216295848984,,,0.5750802388691912,-0.45190251503339046,,,
7102K,7102,b4cb5154-ceff-4c4e-ae4e-00a5b37bfc48,TagMeQuick,31,60.0,30,0,0,1,0,414.6666666666667,402.0,58.787949347683046,343.0,343.0,,,,,0.03225806451612903,1.0,,2.1411981209720183,,,0.5750802388691912,0.15163018684930882,,,
7103F,7103,81f2a885-f4e5-4344-a15c-5c725c900e0f,TagMeQuick,10,17.0,10,0,0,0,0,467.7,458.0,103.75831961288159,,,,,,,0.0,1.0,,1.6906216295848984,,,0.5750802388691912,-0.45190251503339046,,,
7103I,7103,bff01b8d-8566-4408-9a2a-df1bc718cfc2,TagMeQuick,30,65.0,30,0,0,0,0,412.1666666666667,414.0,96.69400128786414,,,,,,,0.0,1.0,,2.1411981209720183,,,0.5750802388691912,-0.45190251503339046,,,
7104A,7104,081cf6b9-046f-4265-9332-fb025c67fddc,TagMeQuick,30,36.0,30,0,0,0,0,563.6666666666666,559.5,85.93475204592961,,,,,,,0.0,1.0,,2.1411981209720183,,,0.5750802388691912,-0.45190251503339046,,,
7104H,7104,b67b964b-ab7f-476e-b7b4-f9cab7acbfb8,TagMeQuick,18,5.0,9,0,0,8,1,607.2222222222222,591.0,74.65215632816272,699.125,709.0,76.95348780733909,,,,0.4444444444444444,0.9,,1.0968035620935135,,,0.18773295988541322,7.863436933128244,,,
7105E,7105,676a3316-0f11-454c-9e68-f7371b124aec,TagMeQuick,32,62.0,30,0,0,2,0,379.1,382.0,39.94595486835716,358.0,358.0,16.97056274847714,,,,0.0625,1.0,,2.1411981209720183,,,0.5750802388691912,0.7174420948643394,,,
7105M,7105,fe4b9de3-0262-404e-8eb6-83fa2ab084bf,TagMeQuick,11,20.0,10,0,0,1,0,386.9,355.5,92.70436882909026,387.0,387.0,,,,,0.09090909090909091,1.0,,1.6906216295848984,,,0.5750802388691912,1.2489623720905803,,,
7106A,7106,16f7571f-70d0-410b-a190-24b3e5d6833b,TagMeQuick,32,54.0,30,0,0,2,0,461.8333333333333,414.0,147.90865851723427,316.0,316.0,60.81118318204309,,,,0.0625,1.0,,2.1411981209720183,,,0.5750802388691912,0.7174420948643394,,,
7106J,7106,bec1595c-5bf2-43fa-85e6-6a7356be4856,TagMeQuick,10,14.0,10,0,0,0,0,562.9,550.0,188.5349658109427,,,,,,,0.0,1.0,,1.6906216295848984,,,0.5750802388691912,-0.45190251503339046,,,
7107A,7107,00a22f18-c4f0-4902-bdb6-f88f6997bb43,TagMeQuick,30,55.0,30,0,0,0,0,457.6,434.0,97.45931069620444,,,,,,,0.0,1.0,,2.1411981209720183,,,0.5750802388691912,-0.45190251503339046,,,
7107H,7107,6b6083b5-7f0b-42a8-ae28-0586b90286aa,TagMeQuick,11,14.0,10,0,0,1,0,545.0,473.5,178.38223628551756,547.0,547.0,,,,,0.09090909090909091,1.0,,1.6906216295848984,,,0.5750802388691912,1.2489623720905803,,,
7108E,7108,54f4fcfc-9eb8-4b50-90ce-4c9ba9cc1909,TagMeQuick,10,18.0,10,0,0,0,0,441.4,430.5,50.62761653046246,,,,,,,0.0,1.0,,1.6906216295848984,,,0.5750802388691912,-0.45190251503339046,,,
7108F,7108,636f1a89-ae85-43c7-ae86-66371ac1f187,TagMeQuick,31,63.0,30,0,0,1,0,395.3666666666667,374.0,81.41824049350042,337.0,337.0,,,,,0.03225806451612903,1.0,,2.1411981209720183,,,0.5750802388691912,0.15163018684930882,,,
7109H,7109,b1b85fb4-cf33-4564-b2d5-3e02f2d362ae,TagMeQuick,32,48.0,30,0,0,2,0,482.1333333333333,471.0,118.07675275103853,490.0,490.0,181.01933598375618,,,,0.0625,1.0,,2.1411981209720183,,,0.5750802388691912,0.7174420948643394,,,
7109M,7109,dcaf8ba1-6a87-45f9-97b0-cec61e114758,TagMeQuick,10,15.0,10,0,0,0,0,552.5,587.0,187.38863359339595,,,,,,,0.0,1.0,,1.6906216295848984,,,0.5750802388691912,-0.45190251503339046,,,
7110I,7110,6811a4e1-c713-45a8-8d88-8daa34f20807,TagMeQuick,30,46.0,30,0,0,0,0,481.8666666666667,501.5,99.41231913300433,,,,,,,0.0,1.0,,2.1411981209720183,,,0.5750802388691912,-0.45190251503339046,,,
7110K,7110,95bb3a30-c1c6-42e3-bd5e-aeaeb1c36c00,TagMeQuick,11,11.0,10,0,0,1,0,594.5,576.5,123.55767883867033,400.0,400.0,,,,,0.09090909090909091,1.0,,1.6906216295848984,,,0.5750802388691912,1.2489623720905803,,,
7111I,7111,768c729f-4262-4b55-ba19-4d5774bce903,TagMeQuick,33,77.0,30,0,0,3,0,320.9,315.0,56.41065563318262,302.3333333333333,310.0,29.26317367158479,,,,0.09090909090909091,1.0,,2.1411981209720183,,,0.5750802388691912,1.2489623720905803,,,
7111K,7111,b185b860-c1e4-45fa-956e-07e0e9f58bb8,TagMeQuick,14,20.0,10,0,0,4,0,348.9,348.5,87.92730583334799,363.75,354.5,79.04587275753238,,,,0.2857142857142857,1.0,,1.6906216295848984,,,0.5750802388691912,4.893672844499089,,,
7112D,7112,66740af3-dd7e-42c0-b0f3-507ed103b38f,TagMeQuick,60,6.0,29,0,0,30,1,655.551724137931,632.0,95.98124303622207,712.3666666666667,637.0,204.91150038127617,,,,0.5,0.9666666666666667,,1.6606976105540416,,,0.44596447920793186,8.90285436414845,,,
7112F,7112,aa6f75eb-051f-438d-a862-0b52c29d1b8e,TagMeQuick,27,1.0,9,0,0,17,1,637.3333333333334,626.0,77.61926307302846,734.3529411764706,635.0,232.32572532343212,,,,0.6296296296296297,0.9,,1.0968035620935135,,,0.18773295988541322,11.328161703195592,,,
7113M,7113,f1002651-ee98-481f-b222-64ebd698dc81,TagMeQuick,10,27.0,10,0,0,0,0,344.2,312.0,129.4121752815828,,,,,,,0.0,1.0,,1.6906216295848984,,,0.5750802388691912,-0.45190251503339046,,,
7113N,7113,f118bfb8-98a2-408e-8d49-de2f5c686793,TagMeQuick,32,74.0,30,0,0,2,0,336.76666666666665,332.5,39.356621782883245,292.5,292.5,9.192388155425117,,,,0.0625,1.0,,2.1411981209720183,,,0.5750802388691912,0.7174420948643394,,,
7114H,7114,9bf69d39-43c1-4544-810d-30e6a8274def,TagMeQuick,12,11.0,10,0,0,2,0,603.0,596.0,116.56090444246065,536.5,536.5,116.67261889578035,,,,0.16666666666666666,1.0,,1.6906216295848984,,,0.5750802388691912,2.666349778027222,,,
7114I,7114,b6e59e4a-3ce9-4252-a153-0157d3a663fa,TagMeQuick,30,37.0,30,0,0,0,0,615.9,613.5,125.2873524728461,,,,,,,0.0,1.0,,2.1411981209720183,,,0.5750802388691912,-0.45190251503339046,,,
7115H,7115,a2fe20e6-6028-4c31-8e16-b3d2a02b7270,TagMeQuick,31,34.0,30,0,0,1,0,599.0333333333333,589.5,112.53458727579418,359.0,359.0,,,,,0.03225806451612903,1.0,,2.1411981209720183,,,0.5750802388691912,0.15163018684930882,,,
7115M,7115,d3e1e973-2975-45bb-aa08-85bbc8995712,TagMeQuick,10,9.0,9,0,0,0,1,684.1111111111111,719.0,181.6675840955428,,,,,,,0.0,0.9,,1.0968035620935135,,,0.18773295988541322,-0.45190251503339046,,,
7117A,7117,09b43bfa-3dca-4d2a-833b-512deaec2d4f,TagMeQuick,10,27.0,10,0,0,0,0,335.7,317.0,46.1375961421678,,,,,,,0.0,1.0,,1.6906216295848984,,,0.5750802388691912,-0.45190251503339046,,,
7117D,7117,191c79ce-020d-4751-a7f6-b809a814d241,TagMeQuick,12,22.0,10,0,0,2,0,356.5,325.5,91.42604783223555,348.5,348.5,43.1335136523794,,,,0.16666666666666666,1.0,,1.6906216295848984,,,0.5750802388691912,2.666349778027222,,,
7117H,7117,43dffe78-3374-45e2-998e-147bceb7f56e,TagMeQuick,31,68.0,30,0,0,1,0,356.3,346.0,60.33935640222294,315.0,315.0,,,,,0.03225806451612903,1.0,,2.1411981209720183,,,0.5750802388691912,0.15163018684930882,,,
7117O,7117,5fe8e111-fd52-4b38-bceb-01ec02f567d9,TagMeQuick,32,73.0,30,0,0,2,0,346.06666666666666,334.0,54.773472898231795,447.5,447.5,79.90306627407988,,,,0.0625,1.0,,2.1411981209720183,,,0.5750802388691912,0.7174420948643394,,,
7117Q,7117,845e371b-53a9-41c8-940a-251548eb248e,TagMeQuick,11,12.0,7,0,0,1,3,411.42857142857144,390.0,87.290429301379,363.0,363.0,,,,,0.09090909090909091,0.7,,0.4727891209922672,,,-0.5869615980821432,1.2489623720905803,,,
7117V,7117,b0622c6c-c694-407a-ad74-edfdedb87923,TagMeQuick,35,59.0,30,0,0,5,0,385.06666666666666,374.0,54.50146048870891,368.2,363.0,30.865838721797275,,,,0.14285714285714285,1.0,,2.1411981209720183,,,0.5750802388691912,2.220885164732849,,,
7117W,7117,b1258381-be98-4765-91db-3c8c4a6b4462,TagMeQuick,10,19.0,9,0,0,0,1,358.1111111111111,365.0,39.43172721440327,,,,,,,0.0,0.9,,1.0968035620935135,,,0.18773295988541322,-0.45190251503339046,,,
7117AC,7117,e1b0b732-097a-4c24-8c47-f8ae026b554d,TagMeQuick,33,72.0,30,0,0,3,0,345.0,334.5,54.0134082970337,343.3333333333333,323.0,36.08785575970583,,,,0.09090909090909091,1.0,,2.1411981209720183,,,0.5750802388691912,1.2489623720905803,,,
7120A,7120,0c2d8753-2402-4165-a5f6-09d115f4c68a,TagMeQuick,30,59.0,30,0,0,0,0,407.96666666666664,396.5,54.869427033535764,,,,,,,0.0,1.0,,2.1411981209720183,,,0.5750802388691912,-0.45190251503339046,,,
7120E,7120,36b65484-086f-4077-b90c-9152c9310441,TagMeQuick,10,17.0,10,0,0,0,0,490.5,463.0,144.65610560529026,,,,,,,0.0,1.0,,1.6906216295848984,,,0.5750802388691912,-0.45190251503339046,,,
